gauge_address,creator_address,internal_bribe_address,external_bribe_address,pool_address,contract_address,tx_hash,event_index,block_timestamp,block_number
0x6af999d0cb99773398ddb265adf0243fbf5125df,0xe247340f06fcb7eb904f16a48c548221375b5b96,0x82ed03a1b9728dda8ddbb605fecbdb332c775cfc,0x682857e6365595297d18fd672cdf48d041632826,0x9c8a59934fba9af82674eff5d13a24e7c7e7a1f1,0x09236cff45047dbee6b921e00704bed6d6b8cf7e,0x71520b1e35900abd87a7c16e830b5bebb12797897106c3dd37e030fc8d23f3dd,1,2022-06-01 22:21,10096889
0x0f1e2acec0af7e8f77c8f0c6df213ff7e7511a10,0x18a4cc59804ab711f30897c71f3c3580d91ff641,0xa37388205d24fcd5e55ff9a56ff7c0ffd28340f4,0xf1025d7b35dbaaaa7172125d014cca8aab8c5687,0x335bd4ffa921160fc86ce3843f80a9941e7456c6,0x09236cff45047dbee6b921e00704bed6d6b8cf7e,0xcfc2abf93b5b09fb378f801d02dc4e64a9ae521fd17b0433d395e3b9a2d3e78f,1,2022-06-01 23:56,10107955
0x14d60f07924e3a7226ddd368409243edf87e6205,0xe247340f06fcb7eb904f16a48c548221375b5b96,0x3d858e47708ccc713130b9581fe07487af381429,0x5a1e9b31cb553fcd0a7331d6aa3798b926635884,0xadf902b11e4ad36b227b84d856b229258b0b0465,0x09236cff45047dbee6b921e00704bed6d6b8cf7e,0xeb290db87b964a361b8d4b290693b649341d6b4309443699e77db37e54c8233a,1,2022-06-01 22:23,10097145
0x77b9a432b23ff5fc798c92a1435b0e51772bc538,0xe247340f06fcb7eb904f16a48c548221375b5b96,0x2bdf6177c087d0f2207b7fbe7b4eb9076d8a7d57,0x451b04f34640ecb78ff839c96e35fec8c9bb8fa4,0x986d353a3700530be4e75794830f57e657bc68cb,0x09236cff45047dbee6b921e00704bed6d6b8cf7e,0xbcf10fd8d1af39e474e126b41a6196e268854ce7108332c6867ee0d12c756861,1,2022-06-01 22:24,10097248
0xbf6c935a2b6ec453704ea72c8e14592f2fb27130,0xe247340f06fcb7eb904f16a48c548221375b5b96,0xeecf5fc18b994db8e99bd905da4d921dca6fb24c,0x4da5a8f23a0853c8fa61a28db847ba29784ffc70,0xac49498b97312a6716ef312f389b7e4d183a2a7c,0x09236cff45047dbee6b921e00704bed6d6b8cf7e,0xbd1e81c14f7babac5478bdc7b24cfcca456b2e675238ddbc67c0439b0777ab93,1,2022-06-01 22:32,10098142
0x1d87cee5c2f88b60588dd97e24d4b7c3d4f74935,0xe247340f06fcb7eb904f16a48c548221375b5b96,0x8aacd49b3c7a1cb6c54926a314558fd7569d6020,0xe440a5bcfc6ab7d186b24f00293c47d63a11d9f1,0xe75a3f4bf99882ad9f8aebab2115873315425d00,0x09236cff45047dbee6b921e00704bed6d6b8cf7e,0x987e6b4d5a4deeeafaa0a9598590fde5380eac4ace937a34f584c300f7226e9a,1,2022-06-01 23:56,10107983
0xe2cec8ab811b648ba7b1691ce08d5e800dd0a60a,0x46459033061d58df4742a35f63e9ec6aff5acf7d,0x468234f204b88722a6d0fee34a195a46d5604704,0xaf105f8d36fbf410937121dd5be888024547bc17,0x79c912fef520be002c2b6e57ec4324e260f38e50,0x09236cff45047dbee6b921e00704bed6d6b8cf7e,0x64db9e565168c031fd3a33b717d828c11a31da99f0e8b3f48dc32dd18c1a169b,1,2022-06-01 20:45,10084891
0xb3cac293c3bf27f4f0232f66acd2b79705b888d4,0xe247340f06fcb7eb904f16a48c548221375b5b96,0xbb2f4b89e69ac48e4ca37e1dbc12514e072466eb,0x87f10de37df12381819361e049e827f5aaddce6e,0xec24eb97cec2f0f6a2d61254990b0f163bbbfe1d,0x09236cff45047dbee6b921e00704bed6d6b8cf7e,0xced4109958434195254c6f041ecdc829e331d0237cc13b34f51a1d9c4fcc600a,1,2022-06-01 22:33,10098236
0x9f808baac4cc2efc80467440d918e5eb23b03f97,0xe247340f06fcb7eb904f16a48c548221375b5b96,0x4281a95fff92880db9daea8a0c74d79f198d2725,0xafa876c47509f11fe250735e8e94a58565b01aee,0x534f3135757db41c4f705b0eac697659f68c4014,0x09236cff45047dbee6b921e00704bed6d6b8cf7e,0x94bfd1ba2230975bb570f9910faeea2c1a88056cb056dc048a974d908e145ae6,1,2022-06-01 22:35,10098448
0x6b8edc43de878fd5cd5113c42747d32500db3873,0xe247340f06fcb7eb904f16a48c548221375b5b96,0x0e2d3f170c82cae9ab47102ea8aac392fa36838f,0x4ae8a7351f7e85151f8967454e4258dc0ea5e5ea,0xe8537b6ff1039cb9ed0b71713f697ddbadbb717d,0x09236cff45047dbee6b921e00704bed6d6b8cf7e,0x9dc48a8bfb27a0a6fbc0f20de3a65bc465063cbf2a94434dc26168a353fc5c75,1,2022-06-01 20:46,10085104
0x3a8883381e4416488db94a8e0469394ecfa8a024,0xe247340f06fcb7eb904f16a48c548221375b5b96,0xc7e96612f75f46ed873fd8462e6bd55b78c40476,0x3c76fc93afe2aa604629af505e84b99e6f213c63,0xe2ea57fdf87624f4384ef6da5f3844e8e9e5d878,0x09236cff45047dbee6b921e00704bed6d6b8cf7e,0xc1aaa90b4b8af26b661f12601a0fc19b2a25f6b616c8d8382a35757242ddcccb,1,2022-06-01 22:37,10098636
0x0299d40e99f2a5a1390261f5a71d13c3932e214c,0xe247340f06fcb7eb904f16a48c548221375b5b96,0xab1f7519a3cb82113b42d270539fd4bd337533df,0xfb548e53c30c90c368e4ad929df98b8a5c4bf6be,0x47029bc8f5cbe3b464004e87ef9c9419a48018cd,0x09236cff45047dbee6b921e00704bed6d6b8cf7e,0x0b4a50d13450278fc7c30b0ee49d1a23255b8b1e88941d25af75925eaadb1bde,1,2022-06-01 20:55,10086242
0x461ba7fa5c2e94eb93e881b7c7e3a7dc4c1cd6b4,0xe247340f06fcb7eb904f16a48c548221375b5b96,0xf0d98a0d4cd604cc34a61bb9a0fb6172dc8fb85e,0x3bbcd67ebb4bcaafa1a6acf05e2c76a12fe34400,0xdee1856d7b75abf4c1bdf986da4e1c6c7864d640,0x09236cff45047dbee6b921e00704bed6d6b8cf7e,0x4a3ee6b2004b1948c341048267cd069160eb765c56c94a3ad91dc13ef52a4da5,1,2022-06-01 21:42,10091981
0xef9a5ff5d3057d539543bc223efccbc2168b19d6,0xe247340f06fcb7eb904f16a48c548221375b5b96,0xe1496c77ee2b73c75ec97b0851d2ee1126d8a078,0xc54ce67d0061f0b9f3db17a4f16e92551237b75f,0x6fd5bee1ddb4dbbb0b7368b080ab99b8ba765902,0x09236cff45047dbee6b921e00704bed6d6b8cf7e,0x5426f929cee049a4928b685e28f923560e8fb750b64531efadbad041c2123034,1,2022-06-01 23:55,10107680
0xb03f52d2db3e758dd49982defd6aeefea9454e80,0xe247340f06fcb7eb904f16a48c548221375b5b96,0xe815ee7344829cd15be49e1c85f517dee2301d98,0xb91dd4a3b464ce8eb329a5cfe367a02cfda6f62c,0xd16232ad60188b68076a235c65d692090caba155,0x09236cff45047dbee6b921e00704bed6d6b8cf7e,0x83e113ebf4c9e8a176949e46f827ac92058dab8e46c2f5d9f919a43ca6fac3fa,1,2022-06-01 21:43,10092199
0xc4ff55a961bc04b880e60219ccbbdd139c6451a4,0xe247340f06fcb7eb904f16a48c548221375b5b96,0x982aaabb39a581700a022ea6e04b46a5ca9aed22,0x92cda895205391962d833226825f41e2ca0a9a7a,0x4f7ebc19844259386dbddb7b2eb759eefc6f8353,0x09236cff45047dbee6b921e00704bed6d6b8cf7e,0x4423a959a25e088e9a88db4d3ebc63e4842d42b4d8520b91e299573a2e607d14,1,2022-06-01 21:45,10092439
0x05ef41da0b0c76b6e17be79bdaacf66306cbebb5,0xe247340f06fcb7eb904f16a48c548221375b5b96,0x22681707d87014552a3421d4153c7e585e109908,0xb917feb62953d6dfa96951d3f1a418001fd95ea7,0x43c3f2d0aa0ebc433d654bb6ebf67f0c03f8d8d9,0x09236cff45047dbee6b921e00704bed6d6b8cf7e,0xfe1c82affc116f645e38a24c9ca519f2c107c1b935ea6165eb2b07903b44522e,1,2022-06-01 21:47,10092635
0xfc4b6dea9276d906ad36828dc2e7dbacfc01b47f,0xe247340f06fcb7eb904f16a48c548221375b5b96,0x1653a58a6d7a06381c3886da503e590617785d75,0x97be754ae730f582d3145b08915c1db212e25a83,0x85ff5b70de43fee34f3fa632addd9f76a0f6baa9,0x09236cff45047dbee6b921e00704bed6d6b8cf7e,0xb0dad733fb7aeda51791979a4c6d0a5880f348cfedc9b523a25c3e59dde98105,1,2022-06-01 21:48,10092802
0x631dce3a422e1af1ad9d3952b06f9320e2f2ed72,0x9c0d72f2ac26420cb7eeb155bf401b672840e87b,0x242ac8f7182bc0ae8d92219385edb3293700ec3e,0x19e8a5e3490d64f0481a1f1f354eb1794baed18c,0x207addb05c548f262219f6bfc6e11c02d0f7fdbe,0x09236cff45047dbee6b921e00704bed6d6b8cf7e,0x5be7dc9d7bb6df923f3456656534e3fee0b62d6646dbd8f876a3d34e0874d9d9,1,2022-06-01 21:52,10093297
0x1f36f95a02c744f2b3cd196b5e44e749c153d3b9,0xe247340f06fcb7eb904f16a48c548221375b5b96,0x69ba94dfa76c90dae5231fdf77d4ccb8be76b4c0,0x9ac80dbaa1721fd421c1c5dc3da998b8cfdc1607,0xffd74ef185989bff8752c818a53a47fc45388f08,0x09236cff45047dbee6b921e00704bed6d6b8cf7e,0x0187878636b70d4acf3e3e0c4227e9845aaed0a4b3f8b8c6c21b19855bdf59de,1,2022-06-01 22:01,10094438
0x883c6d437d45b7ce61c07606fb390e6c28be27b8,0x292c6dae7417b3d31d8b6e1d2eea0258d14c4c4b,0xdefc93fbc6b2cfee43f017d1007ad818538022dd,0x6f132d3ab4013b055e6fc347fa812c2075e34ff0,0x588443c932b45f47e936b969eb5aa6b5fd4f3369,0x09236cff45047dbee6b921e00704bed6d6b8cf7e,0x72e5936ab21d0c1babb0e84ddf5185b5f01eabf02f49420c7f6b2f63a9dac0cb,1,2022-06-01 23:40,10105702
0x055ee7ddc298dca46172a7a9a43e28b76c17ad26,0xe247340f06fcb7eb904f16a48c548221375b5b96,0x826f194cc72d02696952367789000fae553c09f7,0x4a067cd6d7b32621fac26d16c27192800a0e0178,0x9355292f66552ea5717b274d27eefc8254011d83,0x09236cff45047dbee6b921e00704bed6d6b8cf7e,0x004484512da4cffcacb8b428a1b49f76061d62b14c3c910c91d9f4cc3fd9d4dc,1,2022-06-01 22:12,10095841
0x3324539a66203eddbe8da4e45dfa8d8fd8985ebb,0xadc1d13acf57ea12cdf14679177fd669221adf2c,0xd5c4cd8fd71992477f5f24a6c62e980fa3968042,0x30af5fcd77a437374105dae206d86971c1b49d1b,0xe47d437252fe9cb5e74396eee63360d8647df25d,0x09236cff45047dbee6b921e00704bed6d6b8cf7e,0xe9c527e77e185bd2d7d47627d49275e7d3c87e4f7c585117d251956a81b48b93,1,2022-06-02 0:02,10109897
0x68398f950adf50687c872b2b668895561aebd798,0xa9811f9f6b8bca7f9f91f850a98310e63fbb7326,0x5bc526e46a0c9952d9e7b711d1f06e78c52f2bb1,0x6980b6b04c0ced08512a451b2e3c3341849fca1c,0x557949dde71e88cc2f41d33d341ff42417a35a2d,0x09236cff45047dbee6b921e00704bed6d6b8cf7e,0x5e5421e71230d32f2d9fbd8b2a80c59c49aee6517cdb85e30410a1443d75307e,1,2022-06-02 0:05,10111184
0x0aaf1de71910d9f2be10e6c75b3eb6eca377cbf2,0x14f4785e5f8738eb589eb0bf9edc6a5f86755944,0x01116006be019db23450287d9621757b3cc20bd5,0x6ac3a8117d53e0a9e3dbc3ec99b2da1152b6317a,0x06141423dcf1a5a4c137039063ac873cdc1e363a,0x09236cff45047dbee6b921e00704bed6d6b8cf7e,0xb34d306cece0a76b21ff4865de3bb9c8c47942ae895d33264919f8353ef8960c,1,2022-06-02 0:08,10112204
0x3b9ce26a8527b1c2f92e8d60ed920c7dae77bbdd,0x5ec5e26d5304ef62310b5bc46a150d15e144e122,0xef867162b4ff60d931532e8ebf5e9f2a7a50e441,0x078ffb42dced237c84fc145c8f3330bc17448e4e,0x078f65c0e854ab7fa3baa2cff62a4f9cb4031382,0x09236cff45047dbee6b921e00704bed6d6b8cf7e,0xd362986d7db0c979127e4ffeada4864213dd4d071425a14a5a0a2cb177d6d9cd,1,2022-06-02 0:14,10114639
0x99347c4c68de5f661194e9854ef8399cd57ca0e5,0x71d87aabb42de94a7214976a05134935f73e64aa,0x1b22e8e0a9e684273f86e0f10d40083cea1e645f,0x19ae99dc9dbbbc24cce4d2cb5ce20ac18b966de9,0xd3650ab80545c31088f89fb6d16930796758f3c1,0x09236cff45047dbee6b921e00704bed6d6b8cf7e,0xbc720bd112428a1ba37bf130702a7fad6c901db45e63fb1c82195da5fb4ab3f0,1,2022-06-02 0:16,10115290
0x58d90052ee670cd78fd07cfaf58be054f6dff445,0x14f4785e5f8738eb589eb0bf9edc6a5f86755944,0x2eb5c3a74c64a7c587da283f7f016c2020d6dc2c,0xda9667436fbd2fe8b3928c8fe765ba923ae9c725,0xcfcf4bb472aa2ad6c82ebef2377a20829b6356ad,0x09236cff45047dbee6b921e00704bed6d6b8cf7e,0x52323f98a781f0279db9698720eac22229033ac8a69e080d6dd0901f0cf58f11,1,2022-06-02 0:35,10122552
0x85706b4f83357e0084a2f34e2dbeb0bc9e9d72b8,0xd63154abc9c6655626f16f0aed41c2e958410724,0xc2a4d2a3a2d5be9c53a3ebd2e75cf83328774fd3,0x0383f166408748d5a7b7299289675639fc131036,0xe8633ce5d216ebfdddf6875067dfb8397dedcaf3,0x09236cff45047dbee6b921e00704bed6d6b8cf7e,0x84b065ecef819cf1842096a74a113214556f1967b6933fc678a7f6b95bf3b34a,1,2022-06-02 1:05,10132210
0x2f733b00127449fcf8b5a195bc51abb73b7f7a75,0x8ddb29be64676777b112debe38129dd660e92b31,0x8cea63d0ab18850f2274fde069ec7181894c5b95,0x9960fc5209fc66949380ddfb8b034c92cdb417df,0xcdd41009e74bd1ae4f7b2eecf892e4bc718b9302,0x09236cff45047dbee6b921e00704bed6d6b8cf7e,0x27f89c809e2af67895064a5c6f57268880f824577bb47d56fb1a0ec43ad80e31,1,2022-06-02 1:16,10135392
0x099b3368eb5bbe6f67f14a791ecaef8bc1628a7f,0x85591bfabb18be044fa98d72f7093469c588483c,0x28786388d30e322bffbaff851c6fac958963b43d,0x42ea76108c3cf6614153c7ac0239678753d88046,0x9056eb7ca982a5dd65a584189994e6a27318067d,0x09236cff45047dbee6b921e00704bed6d6b8cf7e,0x3eee5cfbe3b714c63b799bee0d58da5ca8b178eaf3291f9f91ffc53520b5abcc,1,2022-06-02 1:17,10135729
0x8b57098ee6eafbe85fc3977cb974b5ab929e63f2,0x477c2087f3d6e49b1be5c790a33b3a025a4fa569,0xa911b106ca6cb07c70d8ec6d5cdd42e99f4e16e8,0x7928f8d5c549cc738d278172e82094939258dfd7,0x46b8a98d72820e28465a172687af920cc167e587,0x09236cff45047dbee6b921e00704bed6d6b8cf7e,0xb0ee188a614afb0e68d8383ec8e1b5fad25e121dec2752cb4c1498fcea2d0ab4,1,2022-06-02 1:54,10145410
0xc7bb5b7c35f48ea077fb9c2f8825102110a6ec29,0xdeff8642e3f821ec39b8a53f7162de7f04e558d2,0x4fe75067213d0fcfe890f6937b9439ac763dff08,0x12c81cb71463471b8876581596be41e1f5a9ac8e,0x93fc04cd6d108588ecd844c7d60f46635037b5a3,0x09236cff45047dbee6b921e00704bed6d6b8cf7e,0x155c95802943502cf1ae4ce27e9cc797a9d9e818659bca5093ada1d2b82e08ec,1,2022-06-02 2:34,10155435
0x69c9aa3aee75558ecb32c8a3b28b579004c4748b,0xb419601836e0eb26e238f9745da95afb5b8e43c3,0xdb07b662b7fdf79ff4032eb32b51ba9b61c24c65,0xc0bd63a7f0e08a8d21258134cd85efc96b9ee3e1,0x278631efe7e7b4c2ec49927b255c2ca42be2c1b1,0x09236cff45047dbee6b921e00704bed6d6b8cf7e,0xdfcbbe575e0a563e4dcde148caea6467258983aa4a3de5137229635ae4d56646,1,2022-06-02 4:01,10173683
0x55c50ea1ff75558ae282e7d04a22d4bb39118c9f,0xfc6ae6d47e38d4c49877a3d6351a3f896f5dbfab,0x35d40cd7f1a05b894c6ecbfd465271b25615b8d1,0x42e39300a4b2cb69a372f0e1e1d980ab5c34bb92,0x34bb604e97604533ab9e42a756c3790910caac87,0x09236cff45047dbee6b921e00704bed6d6b8cf7e,0x9a146ec4a5bfcb7c84214aad4b8670299237b2affe5b75117b39d9b540d0bd39,1,2022-06-02 6:15,10197929
0xda157fc11e98a1287aef7c551c761abe1cc37dfc,0x03000a0ecb1898040c26cd418570cd480775f0da,0x2ab212de48de9d8399208d2d29669a200d12e90d,0xe1a47685096ccc47389a4cb9aa885bdbdcf0ce65,0xb840adae1a31b52778188b9e948fc79a4bc99d44,0x09236cff45047dbee6b921e00704bed6d6b8cf7e,0xc2e55bd485e257e0a5f1da949d0c855a23efe54bb025587c2e3385b6062ac0d8,1,2022-06-02 6:25,10199703
0x14395732431b32b5835d0dec7f4cb85af2861a1c,0x3d2b23962ebcc882f9f65452658bbba9fa72d170,0x06791b192ca3d40c1f80b000585f5ae8f70d119a,0x47bdc24161e0a6b85df1e257604dee5e1a137039,0xbe61c199d356d205b3beba3634a7992af5e28631,0x09236cff45047dbee6b921e00704bed6d6b8cf7e,0x807e14897f4d120a3c4a54b47d42585fd6d1595ea070c1187f33215c6fbd663f,1,2022-06-02 8:49,10222194
0x90c80b2a2f32b4f5646a79364fafd5099246eb88,0xc52e3e5b16ce55f23bbb0585a6f71f1599345a53,0x4197e817b4723a071b65bc3e2a5060310e8f966d,0xf14d7a84c1ceb816ee75d50cd238ee2e9b3fedd5,0xd04f675127d37bf7b009453116c17b7ef088cceb,0x09236cff45047dbee6b921e00704bed6d6b8cf7e,0x9118f406bc3a59427f52b1c7fb2f168f30d724f9aebb6d1d03ba862c66806e81,1,2022-06-02 13:07,10261189
0xf50fa655a347e1e2804ef37fbe068b479f3cec9e,0xd790b013ecae56e768ed184c45be7894b7f1fc3a,0x66e34c5612471878c5c02b170db38ec1f31d52ba,0xbd5cbca59cd3c29737dc6c23f32978c7418bcf74,0x48e18e3d1efa7f0e15f1b2bf01b232534c30a3ef,0x09236cff45047dbee6b921e00704bed6d6b8cf7e,0x797e5f23db88596815f19b6b07491a8dc8eabbdbd68086d46afb5d2df134441e,1,2022-06-02 13:24,10265000
0x871f1aa4a607b2f7a62971b95840add41e6a5d45,0x1acd043d55312f1d491fb5600d67f560aede7617,0xba2e022f3aff288b4f0f27fa32af679bda672dbc,0x29ebee84f2762572f0f70c29b2549db9e00f3fcf,0x78fa29412998acedd7728b4cf5623ee5e2f8f589,0x09236cff45047dbee6b921e00704bed6d6b8cf7e,0xec2633ec0013738afeb406582a57d59deb47fddb30d7f9e20e27dbe02005db90,1,2022-06-02 21:35,10341384
0x1d37704877e38b48f4600c20ac8e5efec768094a,0xada6c4ffacbb1643254b3c2ba2b0249bc6861ed2,0x003b4ceec1c90c8db6a8758d9a834f5e8d241d2b,0x973beeaa87d24087774020f4e85c01bdb265d7c2,0x0d693efd716021878d5979fab4cf8f6c1b7ce450,0x09236cff45047dbee6b921e00704bed6d6b8cf7e,0xc8c726ca54ddc7539ae3f7ed56f4811fdf15791f1f4a9e15e515d2511b454584,1,2022-06-03 15:33,10450705
0xa853d38197be4e9ed8a466852f5bd2e7daa36abd,0x0e206a0ca94fdb974d6622573ef36f3bdef4933d,0x4b21277cf7db20141ee63985b688670f5f2894bc,0x5e1892ac417fc289b46ff9096acabc4977ca2963,0x49b5c691685aaeeaaaff57ab6ccef081a165f5bb,0x09236cff45047dbee6b921e00704bed6d6b8cf7e,0xfd035e42e282c3e0644f159a8fa7753ac8ab52fb38c3047be78f1c566b7277e9,1,2022-06-03 15:48,10452122
0xb62814b9ec209959dffd36d6130349c2fbae9050,0xbdec7287c08c0c153f9843c4796d59e3bf7178e4,0x47181a570c2ef000202e372db6d6fb869009cc59,0xdc054d991674b60b66cda9c9515596dd9093aee9,0x587233ce63d7c1e081ce9d94d9940544758f6d01,0x09236cff45047dbee6b921e00704bed6d6b8cf7e,0xdd9486369c3570fdeebde25e717951f318f930c12505c8d64c5a02c229c41d06,1,2022-06-04 21:03,10588518
0x1c5472efdf8ce67259d6f44ef548c68703797fa2,0x8bace3a49a375027868cdd34e84521eed1f1b01d,0xf51f0e8d23b34da6e792d489d1ea33e32dd6e594,0xe25288cedf434878ef043a72abf3b0a44a6e40e6,0xffb6c35960b23989037c8c391facebc8a17de970,0x09236cff45047dbee6b921e00704bed6d6b8cf7e,0x7c152ad6dda5c0a5d5f285bb504333daea2c05621dc51a813d0b83f4826de542,1,2022-07-05 20:39,13911985
0xc8f650131f160da1f362777e3d5d7162ae3ac077,0xe247340f06fcb7eb904f16a48c548221375b5b96,0x6027647e70e31280989358d4fedd8befd513230d,0xae7a6e90f88c5e39151b22cdd225b101611eba70,0x4c8b195d33c6f95a8262d56ede793611ee7b5aad,0x09236cff45047dbee6b921e00704bed6d6b8cf7e,0x607fc8e12b205037f4716713f9bd4a355ec3f8357d5d66cb798a488a3a46d3cd,1,2022-07-06 18:00,13972721
0xd60f580254dfdecd88efed627b286eb5e5bb34a4,0xdd16f14aa9226e7ecc456f8b52427f92eb7b84ee,0xae0a7edd0c57641428b2014f06be9c4f106d00fc,0x6060f695c7b41f365da07d86ad9e4539909ad8db,0xc4e7cfc1db28fa7d729fdb3617b48dfdd45a4511,0x09236cff45047dbee6b921e00704bed6d6b8cf7e,0x6f3996eb157ec40e1ba8cd97a83e720342fd9a84acbc126add4b31a14b99594c,1,2022-07-06 20:08,13980775
0xc8110f2544a8e5075a9b3f00dc1c95543342c7a2,0xe247340f06fcb7eb904f16a48c548221375b5b96,0x98d657aa29b0b73f017cf6d3218cdb13f16b97a0,0x19ebf3abb233981bb914708f8ef8f45568c3e3a9,0xfdad8f85c0f3895c85301f549d124ce526479bf8,0x09236cff45047dbee6b921e00704bed6d6b8cf7e,0xaed2ad4aed7176c9bf387a82d560a0bb58bb88e5cdab43cce1ca7f992277378c,1,2022-07-06 20:28,13981511
0x267a10d6053a8d52b7d91de34791d61e9e8353d1,0xe247340f06fcb7eb904f16a48c548221375b5b96,0x7f19cfcdda3ee4806c6b5061ff51af10c24dbd48,0x434105374ed633414c75ce11b8c8df53804a36d0,0x61eba8151880ea81743795faf3e4042b38e8638c,0x09236cff45047dbee6b921e00704bed6d6b8cf7e,0x381ae4dd0d66d135e9427e9ff783a78424870f7611c94cf271ce1ee1e3e93371,1,2022-07-07 14:11,14023150
0xe225cc39749fb79936b0da0c482f7385f169e507,0x88f81b95eae67461b2d687343d36852f87409a7b,0xd3c844670a97f7fb8be5cc3ef558ede102187f81,0x2eb772f0e1052aa894fc876ef2a6816e7c886c2b,0x3e5b814cda46765e2fe250f2421fbddf4b879021,0x09236cff45047dbee6b921e00704bed6d6b8cf7e,0xd5f8799eabf6bb7e00ff6ecd7767c039ba7045e8c1d6547d3da49fc711e4512d,1,2022-07-09 11:46,14151004
0x3460ddf1e3ed8db401fe3f2df9a7cc9f3e5d85d0,0xfba11c84041c2d70a8a3a724c5d5212e50ba858a,0xbf23762989294f96765e07ca6f6ee8434761ef65,0xcbeb11935da106a41bfd8531dd36e993e1acf02e,0x03c188a43b3deea4426599f2e582aab6e76417d3,0x09236cff45047dbee6b921e00704bed6d6b8cf7e,0x21c3eb639aa1ceec903f329f36eb86e78f6dfe121422b5c3410784f38b1aec63,1,2022-07-09 15:05,14162686
0x45bc4ffb31a40a99a22236a579c0d9a9957591af,0x5a10850aa20b95cfd4f46759946a3a1614797ddc,0x8096ff0fa66fe263d8e8a1d03ba8800e6e045a46,0x9e54d7c86fc4c94ce5d0d9252daee98002c9288f,0xfb65a99210966813e98594233fbfbcf18cd013e4,0x09236cff45047dbee6b921e00704bed6d6b8cf7e,0x416a09a5022038ce4f064a080205da4b34caa00146b1fcb779a0f1521180b7cd,1,2022-07-10 9:13,14198517
0x562c36b40ac550e2e44585d2b3b8eaae2fe6a9be,0xc2a091bb852ce978d9d6c84151092060f34c4a43,0x5e8100aff3f0120a19f07621bb82d9c17b8fa670,0x4b65981490f51a02955842a4fcd40a8ca07e62ef,0x2441a0952a74994890f3326143032736ec7aada4,0x09236cff45047dbee6b921e00704bed6d6b8cf7e,0xd96d74f85d2fdd5f4f8f148574ae86bed5e2e663fe250d1a3c88228db9c6e0a4,1,2022-07-10 20:07,14226605
0xd15c4a55e4c2ca9b9ad6243200ff46ef12e4a421,0x7e788c62c9ca849dce399e90f912beae14424616,0x28f531b7e3555175c6085d641206abbf6d0db8bb,0x52591f8ecedd8670371bfda9e30beba03e043a48,0x6580c6ee0bb96651be0aa8db382b48ea7acd077d,0x09236cff45047dbee6b921e00704bed6d6b8cf7e,0xbb93e1b067781b176bf881e40493e93ab085f253663bd0f6f772ef4c650e68ae,1,2022-07-12 17:40,14338927
0xb4d9036b81b9b6a7de1c70887c29938ec8df6048,0x357990585a6bb953dcba126de48585ed27e22319,0x13fb638bbff3f4e86459c033f73d9544dced4fe6,0xbc3fc61020dfa601e33629d89d83c7ce2d9e8423,0xfc77e39de40e54f820e313039207dc850e4c9e60,0x09236cff45047dbee6b921e00704bed6d6b8cf7e,0xe53a17d3470e266aeb86421a011eeec023a77dfad91d3f74ea75a1d38728cca3,1,2022-07-15 20:49,14608963
0x53577602b65f48b3064b85f14974ff6a0d8cfdf4,0x14f4785e5f8738eb589eb0bf9edc6a5f86755944,0xab2ebb5e4b34faea91b5faa351a1bfea525b4657,0x0c94c838cc8751adf9759b6ae9f17429f9fc4654,0x3e4eccad2ebb0e2e59bf9ff9aed42c486e884451,0x09236cff45047dbee6b921e00704bed6d6b8cf7e,0x0522c3fac586099530cbdbc253822c57a96e93511890bd776c7c86cb0ebe225d,1,2022-07-16 6:05,14634201
0xaea343b1ef5ecfa0d252d7078425bac047cf5d18,0x96a2699644a7be70a4f6bf4d42548f765399d649,0xe6db965e62020e75b765b2b5aca262808c8f72e7,0x78512216e6b71229475b43bb938ef23dfc3d8bc8,0x5edac6b8ea08d535c01981d75b3361481c0ee999,0x09236cff45047dbee6b921e00704bed6d6b8cf7e,0xa62d25004031a0890a6583522db62dc0925ebffd3c9ae86ea231a3ba3a8975ff,1,2022-07-16 10:33,14648904
0xdcff4ca5b6c45b5459e769081e5ee4de2f4c4c2a,0xb20849a65fe4cf3c8eba9ba1638c6563b31e4c6b,0xf166b0389a6e87b13f3a5aac4951973adbb500bb,0x9e5eed80f932128f72b481036d88fe9b795e2db4,0x0b5581d5db524eaf0006a0bafd1e8d206c70cc0d,0x09236cff45047dbee6b921e00704bed6d6b8cf7e,0x81a3cba5eb90696163edef1be7e420bc35e30d09a98b69cf84acfc0803614b9d,1,2022-07-16 14:18,14662790
0x0e2cc300673129e08e50ea9136dca3b6468133dd,0xf77997d6314791da9828275c289122e47554130b,0x8b03a7e4a868b442b160a4e8e15b6cff5f1f64e9,0xe4149ae38ab568d507e387985aaa25e0649e65bd,0x051a9a47920a913914a9e6e961a230a2a464eeb2,0x09236cff45047dbee6b921e00704bed6d6b8cf7e,0x1e067db101e973bb154aae634bc5524fa55c82c16a227bd39d5e6605f7086a40,1,2022-07-16 21:24,14696433
0x835c553be5c3f76270e882e0d74baf3827f1ce5d,0x56aa4fb42f77faa81b5ca0d2b3cab33f80899648,0x5adaea6d77e09440078b653b0babd2d18104fcd4,0x33a257ceae9b9c5fe044c3608c9465d7cd6312a3,0x4fb8ccdbe8c6e51e8d7d62d0db784f2a4ea612b7,0x09236cff45047dbee6b921e00704bed6d6b8cf7e,0x1a81dfb370c42d64d3c24bfed9f939fd8a4a294fd43d988ffe654c641816c0a8,1,2022-07-17 4:46,14719422
0x59bc700acd8826675c3b729794b1647978be2d7f,0xde6d6f23aabbdc9469c8907ece7c379f98e4cb75,0x94df14c6e9c719cdb7ca3ecc12b5efee9ce3375c,0x5dfe77c7628c0fa142ab85ab590cdfd5d34d819c,0xf8edf2da8fcf610cf77235d3f90cc110723159aa,0x09236cff45047dbee6b921e00704bed6d6b8cf7e,0x3f390390722d0d70627c2190149a304bb52626b0b9bb7f2eaea2d2ef5b3f1594,1,2022-07-17 5:18,14721428
0xaf307d86b08c54bb840ab17ef66abbba87c6aabe,0xb074ec6c37659525eef2fb44478077901f878012,0xba11b3f5c7a1f2c854decc12873f6ee95b96e67e,0xa6a2239dee80af95fbaaa02311712512526e6556,0x3eec44e94ee86ce79f34bb26dc3cdbbee18d6d17,0x09236cff45047dbee6b921e00704bed6d6b8cf7e,0xf17c018d43562d776d24c423128495dc1cdea4162df2edda6b3bccd195d739d1,2,2022-07-18 19:49,14903017
0x5000cacdd31ec3d67ca74995aa2d2fa62bd94bdc,0xb5a9621b0397bfc5b45896cae5998b6111bcdce6,0xdd2739d70706ae6b501d908ba11cd7fb1dfb714f,0x15bb5cb37c00ee511a599bf7f87ba405becf1101,0x8e6bf020d11e641511bd8b24ee0fab2034e224e5,0x09236cff45047dbee6b921e00704bed6d6b8cf7e,0xa5be0de26e1e7bc7fd0f62e2be80d67a088f93dfdb1015347ee3a5cbab67a961,1,2022-07-19 20:20,15040379
0x97f7884c1e57ca991b949b9ac2c6a04599e8f988,0xb074ec6c37659525eef2fb44478077901f878012,0x6e1275dee48d9bf307c3b682cd0c840e62b69d1b,0x8f263a9e802444a366f9d5799c1b14911d72f2d6,0x7866c6072b09539fc0fde82963846b80203d7beb,0x09236cff45047dbee6b921e00704bed6d6b8cf7e,0x292a37675252b1058eee33927431ac692a07399033c3c7270155b8ba3f3871ec,2,2022-07-20 15:33,15140208
0x6fa6fc9ecdbb0917731cb90d596210d7d5e6cd7b,0xf584617637c2bf5b6a826adf213f7beb9b76b29a,0xd83171a0a64882850a042330519695fc32450544,0xf3bddbfc3ce58a9ba6bfb6ecf1b74a6ccdda2e51,0x3e2882ef90fafab1894bec08f57745a0dd63950a,0x09236cff45047dbee6b921e00704bed6d6b8cf7e,0xab41484a9d2d57e80ae3ad7e1d25215d3c12fabd3362d3e85a2c4c5672e21ba8,1,2022-06-02 19:19,10328416
0x3dac764b79acdbc9fc4d3f6a58c15260ed3db230,0x39fb213ab1693527d7457f03d3a08e309b48cd23,0xe9de7704cc0e8cc57809fdf6b0ba6068eceed23a,0x7fd44736fb8f77d0f0e38612afdbf3bfabf9d175,0x53bea2d15efe344b054e73209455d2b6aa1c9462,0x09236cff45047dbee6b921e00704bed6d6b8cf7e,0x19e768440e39771d768ac20d7a17a3b739e5b5fccec6e02c71531a7194606318,1,2022-06-03 18:39,10466715
0xf12bd48473423552007bd567f5b0778c318f4039,0x1f353e22b43b6409de71d6229854c736a773eeda,0x8a08689c81f70fc58639c730d7a5042f1ac253f6,0xbccb1c4e403150c559c0baf29ce254870ed20ece,0xc2058aa3b3f96075cc33946bcd1963bfa660315b,0x09236cff45047dbee6b921e00704bed6d6b8cf7e,0xa4cb4a370a17fbd67425a96d68e9fadf556f037e208ea49c558b6d0ef83ed2c3,1,2022-06-05 13:31,10647325
0xb57a824ec021e8bdbbb762044ff3b8ae9fb1aac3,0xb074ec6c37659525eef2fb44478077901f878012,0x69bf5882122464107edb8827e3036b39ff4ceccd,0x42268e8b20b96aa26293e9250740decfce28aa9c,0x6f239f5119dfe3277c888dace11ba33f5749ee07,0x09236cff45047dbee6b921e00704bed6d6b8cf7e,0xbea133ef5f6003dd92a4e852c2d2ff8c12021525b9366f5c3230df69602396dd,2,2022-07-18 19:49,14903067
0xa483e8cc1a373e895249defed7c0dd8662c01a95,0xe36092b847de5be70d52f1b978e9269c43330909,0x965f37c5380f064e6b671a71fe1989073443650f,0x75c40f7bd67c58a5746377e6455cb414a659bada,0x265013a5915cebb9344c9e259d531e55855da45d,0x09236cff45047dbee6b921e00704bed6d6b8cf7e,0x1a668e16291186a171916cd3777a001eedc4836d0cc27f825421e0afcaf41043,1,2022-06-03 8:51,10404158
0xafd2c84b9d1cd50e7e18a55e419749a6c9055e1f,0x5ceefc47b424babcce557eaa63a0f2cee2acc438,0xe0300a682df09587a4a629a766a26fed9915518d,0x40709c24b01fa561e7860058779252ddabdb3829,0x6c5019d345ec05004a7e7b0623a91a0d9b8d590d,0x09236cff45047dbee6b921e00704bed6d6b8cf7e,0x49557d80493518faa81445eb62426bd9a0cff476d74307cd1779e3df2e57dc9b,1,2022-06-08 16:08,10961207
0x49ab32dc8c870ab033ca87df2b954c4c24405e64,0x5ceefc47b424babcce557eaa63a0f2cee2acc438,0x59dbc923003f1afab19c572b1b2591a8413f82fd,0x1120f25d5316ccb3e9616f20f822fb2b61c632ee,0x43ce87a1ad20277b78cae52c7bcd5fc82a297551,0x09236cff45047dbee6b921e00704bed6d6b8cf7e,0xedcce64ecccacd3c0d25188beca5bdba105c87984b6f613f382584549c8876a7,1,2022-06-08 16:13,10961481
0x7540e88de4298847ad4acccfb4dd175d4bcf273a,0xf1578f87c0343051c07156533ea263320212bc9d,0xf4a6381035597a5ed3163f9b92b0acaf96490105,0xc0e634babd2ef06b8a87f9c142b0a7bbea1db0fb,0xd52b3eac7ef128b879db10ffbd94e29fe65a34d8,0x09236cff45047dbee6b921e00704bed6d6b8cf7e,0x707ead23be7f30da2ddbc67d969b11bbdfb9510560e8b93d0238b9c9cbbc1710,1,2022-06-09 14:45,11065504
0x2414d571e490981b4dd8f554d0e719aed114525b,0x989cb756d4c2b739b29c85fb2c25e6467fed1d3a,0x3a00fa6033bc6fc1eb0c9eabfb5431baeea3b374,0x6e708e6bd78d14599038b8f945c2f22e478e04f8,0x58f98be02c4ffb675af8857013a9c0dfa5750d04,0x09236cff45047dbee6b921e00704bed6d6b8cf7e,0x6fa0e4e520e1d892987880cbe856e1c33bab9d521fe99745010c8b1512e6f6d9,1,2022-06-12 13:27,11397230
0x4adc71108b6d8525a43fc0e77ccff6e02f96162b,0x12924049e2d21664e35387c69429c98e9891a820,0x9f6cd93a18cd75311f4d496d8073ac83e0e7dcfa,0x892b164a47279fb2790b0dc2b924538fd9bfec73,0xe41d6ffc6ca900c063463209e5684f3af6a2bd44,0x09236cff45047dbee6b921e00704bed6d6b8cf7e,0x4ac6b2deb796aac279f9050551fd3bc95254f487f0dc76314c9e83ea8a0c2b0d,1,2022-06-20 14:33,12474236
0xdf479e13e71ce207ce1e58d6f342c039c3d90b7d,0xe247340f06fcb7eb904f16a48c548221375b5b96,0xf1f1e3ee51ff6e5c9b7f479c7386e196ee196eb3,0x92bffa31eb4f3392ac6e15c256cddb577e495345,0xd62c9d8a3d4fd98b27caaefe3571782a3af0a737,0x09236cff45047dbee6b921e00704bed6d6b8cf7e,0x6df51ebc1738c853a8532bd3fa1d22c76e9e392e68e06e1601bbbe1a6fdbe3f8,1,2022-06-22 21:03,12741969
0x558d66f6074c959e8a5d6e42907cb911419d0a33,0x7dc130e21cf30c5e3adfc46664f55ff2c49502dd,0xddc09569900b6bd233b1f3c02b088bf6afcdaa34,0x85849d59434428df75e4bdb9e4556dc7a64b2726,0xf813538cd3b3c6195f78353507a16e46f14f1567,0x09236cff45047dbee6b921e00704bed6d6b8cf7e,0xd9cd70594af209c9051c474a3c9802203a46df0d6d9f7f0194275447fa003a2b,1,2022-06-23 8:09,12789620
0x101d5e5651d7f949154258c1c7516da1ec273476,0xe247340f06fcb7eb904f16a48c548221375b5b96,0x8b34c7768a0773903b95abc048ac73ec672379c4,0x526a4280d38a9fc609e77ab1584c690f4bde9fb7,0xfd7fddfc0a729ecf45fb6b12fa3b71a575e1966f,0x09236cff45047dbee6b921e00704bed6d6b8cf7e,0x528d1a8754b7a8b46bf961301625f8f049a3667014b42ef2390274aeb2b71125,1,2022-06-28 17:42,13400712
0x74a3000b698acf6429054434d285f7130e63302a,0x9db9a11bd146e8f39dc61246c357aaa10f2f2170,0x664d2882ba0cc4ef2e338b651e38f5b7e6f9830d,0x9840861e943d7aae35e61fc07c0f216c4b24d2e9,0x226c48ab4986e60f216dd9bff0d784ac2f10a003,0x09236cff45047dbee6b921e00704bed6d6b8cf7e,0xb5ec5d85db7f950c6528294b32fa69f0fb7ee9ccd076217d85b10edb386e6483,1,2022-06-30 13:53,13539707